0x6bd393c078c9a9fb9cfec24f0e25d5a3247764c2,10
0x6bce55037fd40e3eecbf4132ad19041038f9c8a3,10
0x150b63ef8f4b7ba14addbe98a36ea8808204e941,10
0xa7fe6f56227a2b7eefe23389b924acb029f99498,10
0x50ad979667db2602106e053cc43d7890e10d32f8,10
0xee93e0ad65e3aa0fa887e3a0e46ff2d4ab270d7b,10
0x167ca59c8abbf7829db5bbc15123d10824f729ac,10
0x6238a116d632c78c3a93fb1a75b31ace5140fa04,10
0x31b1db45d4f05d7b195c5e719668a8f7baa04d4f,10
0x712701cc22699987125935648c6a7737767c19e2,10
0xc1fe9f098e6a96443caf46e39b0bbe983c2e44ca,10
0x9077b6b6fcba155777fbd6cf483e7e6660e8daa2,10
0x98fdfaaa86ffbf6252e819905ce82d6cc0cad977,10
0x8dfac47973dd81ad3fd644882fd8a0b177502fc1,10
0x80150b8c3030ff7b7ca871cedc3052c349e66b68,10
0xae0d52b820a0849c8553aa3e15132580e6e8c61e,10
0xcc16a6420ab10617e06c8624364d0d7654704beb,10
0xc2d22248f059f85556d953117f788c257cc3844d,10
0xf64c52f355053463f2f51ed732e07e37ce9aba18,10
0x4c6c042d5c1c787aea9dd33fe96710135b316320,10
0xe4b55f45870e8ff43cee66198caf4e3c000be2b0,10
0x86b8aea05163d5552aabd02fc158e37503d9de3c,10
0x2f2d9a5b965b15ca8c5e6cdcc6622d3fd7cdba85,10
0xa098acccd80547148748aa9f465c17180dfc53ad,10
0x873d39079f55618adce20262a4d9291386add85c,10
0x544bd04dc28a1925ea458e3d78b524963cc670c4,10
0x44e85598ef890182c53e7abb6b24978ba0af3995,10
0x10d56dff6c3c36e0b0d17c76521eabf1c14ef3e6,10
0xf7ab3b79b41b90056dbe184daa114334e98018b2,10
0x6aa3a31c513c9629eea22aa031e4242626e0a971,10
0x3d1a8aa318d74d54d74c774f60a6fb720810b7f7,10
0xf4d0594f6aaf7fdce3a0b637e091eb1126be80a3,10
0x54574d14d7e196a234243da9630d56f7ef813761,10
0x5976eca7b8ca244562b7da86f296c82c095c15ac,10
0xf0b46ac0252a4265a722bc5b4f7db830eb81a639,10
0xfaab7303f660f50b96e5a626610992e3f228b49c,10
0x522cc09001efb6ab879c56c0d8ca9cd2c064b05b,10
0x061a7e0e53821e4074deaa97ed479324a70b17b0,10
0x08924c1573b0c5806161d7664b4e91c41670914f,10
0x28fcce45f80c930bcb9b076f3a4d8a6ee6681ae7,10
0xa2887422b0351d7acb20be076ca96ac402209f52,10
0x43d7dc0a0e9d4716652d450563c8b3dd26a16df4,10
0xc07dfaf7ea3cd2580f6e677df97e3a95cc918abb,10
0x282de285c0545888f5968e2b168c4ec6ca8d40ab,10
0xf20cfd641a336c5c35e4236f6aa13905e5c4a628,10
0xd102027f04d5622e276915eba3737ce9a3acb53d,10
0x916f2885d3eefdca09b6a8f224fe268ccf05acdf,10
0xbc69a058c0deb780edf293ded159b6e7f822cc0b,10
0x0c56972dc618d8a8a8adfaa287875eece759dcd0,10
0x8e6c24244a8f2137b6d1476bfb17efc203fe6f4e,10
0xc8b19546e819a6dfd2bad015ed153531c7fd55e5,10
0x790a07ba8274fcb1df73ec38ec5220a0f66fc039,10
0x7a0350d1f4a0d50dfe43e676b5f108ee7c37da54,10
0x69f959fc31dc29f69f97ee92c26682842e7c955c,10
0x876ec26583fb2ca821c194395277e1029c3508b5,10
0x13d4ef5af6dd0ad91f843d419d44dd5980a9c7f8,10
0x6de374ad7ff9df1bdae8269fad6e21b1e99abf1d,10
0xbf5fe0efb1277c71b8d59e9ee3e303d6f5dd205a,10
0xe1f2feccafa50c0d707fb69aff3d8a234584cd4c,10
0x2754bb9f7e2ec5033332eb74fa491c7ac561f42a,10
0xe1a051e14067f0bc6a8c45b7031263deccd9249e,10
0x45190a85866a4e8b5a005f42da58f48c07ebe358,10
0xc10269594440bc2b79580fce68d93354334f069d,10
0xdb6d915a08a3143d8b0a79c496eedc1487cdf2c9,10
0xa71e526c4fcfe5895179aa442624e9c32cefe6b1,10
0x95e5c64392881bcbe91a3cea4469e4db82155446,10
0xcab7eb1fd48c7284b96f3b8f776c8371243df5b2,10
0x49c08a53bc861c338aab21fee129f05022f1d009,10
0x471229191c683afb455b7f337def6445a372255b,10
0xe2fb8b5a2b28a0c3472dc2c268c6a39d27adfaa0,10
0x385b86e773e948316b9e48149f17ed94195d1cf7,10
0x945836e36e01b44c41dcbaa3ea9497e227a0293b,10
0xe26a32e160bd6367c745bf35d0e61ffde6db1324,10
0xf94e745845e9e7ab751baea34b1297d3f9825a0a,10
0x6db9d95a1c0c2066d2de5eaa294722e3e6ac9cbc,10
0xb19e8beebf050e641f7702e8b0f95f30b6d3837b,10
0x86ac6a888f6caaec487b85cd330d14f70d9b5685,10
0x1df3ba70e3c6c0d6518445fe44e45652f460f5a3,10
0x62520070991b17a8c3639847184085921b9f77a5,10
0x17e755922ef7347d80d386a33abfc83767eab5aa,10
0xc448498e7a3ffe4d80ae109318baa78b1f85e332,10
0x999f132fc78f1d74fd178e7123bead3cabd12344,10
0xa07a19d0126820a8ac004ed088aa52fbf7d47cb5,10
0x1f643b945d144292ea0389de67686fd018d093ab,10
0x87c437ceecb96dc19b21ffffb9f129f4850855ab,10
0x1af00d9362945d74e114b81c19d2faef608293c9,10
0x3445488a42813f51df2dfcddcc0feb8028a70fe5,10
0xbc48651c3a4b92447927bb70f89e893ddb91c2ff,10
0x3b16133fde7ed5b8aecf1c9976a66bba1fdf48b5,10
0x3e7f0ad4d4c91544ca63436d2e8f65aa061a3fb4,10
0x6dd1d7e688d0a37300ad4a372f92ca807d502a10,10
0x68c17edca99e32a07ccf3a021b364fa9b5068341,10
0xab5d5fa5e45ba7f2bc7f144efbd436e5f575e905,10
0xfaf665d6c2189566f0eaa591b869d28d6c2bcbe6,10
0x8798d215ee1b3e7f6002923b9ac7fa66fc066fdb,10
0xf20db1ebf548cc9c0d0440d068a89f9b0bcd2904,10
0xd050213421ca1646247f6c049b5c53673323b410,10
0xe451982e4f3efbfd2adac81882c35249fd9de6ee,10
0x9251d7baf41ae6412c5dbd4d2ae7a0dd8c96fe7a,10
0xf698fce7eb740fb722868abb5132f75a406347f4,10
0xc7b398c8dec3e5f1d6743083e168f78f75220b5d,10
0x5a70cd1491fce0b7515b8e3576e6e3e4323c8fa7,10
0xf4b3cdab817f6099bad8abc1f7f818ab3cfbcae3,10
0x010aecf40c4fa2f83dd1dad7ffc2e75df707bc2a,10
0x31898bb2d19b5895bcc99cd204c1348e01acfb35,10
0x80064f961b20bbeba7de8f8a8cf39f4273804e4e,10
0x0aa4b6389e5aab8e0d24f30168b4515cdb42fd14,10
0x7b0c669b998841c48f8ab0d6f2b2b99d11687abe,10
0xd47590b8641668273a1084ca52779bd0c9bb1802,10
0x3e78b03ce6e97c285f64d6360a323a49121c76b1,10
0xdc3e5342d28716ed12d90379da88d83bc856005c,10
0x8099c206a9b7def9ede9b501d38e95cb0a67d3d2,10
0xe56a93029b2340027288014bd114199c9771ada1,10
0x3510fe3414f5d9889104a826c23b0257a4b9d3db,10
0x5ab8cfcc36eacb3c8b7ce11cf938dd477d5bac4a,10
0x237a1bee7ec196ed2ee83b7a90fae227421a081d,10
0x662a2941b7bb020201fa7d9bac63efe5d89739b8,10
0x6d75e72026513e3c965d3c519bae1046804ba09a,10
0xa50da4105a2c50d3b9802ab1d78d0cb20f99464f,10
0x876b8ec586909206df9b39aa4213bfa71b62abb2,10
0xd85387d614218260ed80027e7e4efcce164b3baf,10
0xcc717d6688640009a5f1621364b35c757f60043a,10
0xcf4f4b7e6b65d7a887e2d4dec1d966d29899cc61,10
